{"cameraMode":{"drawMode":0,"name":"Shaded","section":"Shading Mode"},"sceneLighting":false,"audioPlay":false,"sceneViewState":{"showFog":true,"showMaterialUpdate":false,"showSkybox":true,"showFlares":true,"showImageEffects":true,"showParticleSystems":true},"in2DMode":false,"pivot":{"x":-0.12510299682617188,"y":7.370701313018799,"z":-1.6320768594741822},"rotation":{"x":-0.0770529955625534,"y":-0.724395751953125,"z":0.08206674456596375,"w":-0.6801313757896423},"size":104.02714538574219,"orthographic":false}